insert into zpi.bc_user (user_id, creation_date, last_name, first_name, email, hashed_password, salt)
values  ('ddad3c03-b26c-4465-bb95-e9bd75b6e654', '2024-02-29 21:51:26.304797 +00:00', 'Janusz', 'Michał', 'mjanusz@wp.pl', 'b60e0d3a598136459c15420b03a2d1c68203df6d5556d077a45594f8880adfdda5ff862f15fece1e3d2cc9a3791a0960dd2090137a87e01353f17820ad1beb54', '0xE09F35F180D81B950X740D3A75D2F553930X91CD46D3F9EDAF5C0XE64EA18444F96220X97586BF58561D6B40X8E832229FCBEDE240XAE9F74EE9E64F43C0XF647C657000CEA080XDF3EF4CF108BC9D00XB690D89F19485CCB0XA3F25D544CE1F2120X97AA943FCC3DC17B0X5A119CD776340A10X757CFA827C78A3F10XC4C896B0F534AC600X3C180DAD615734930X184A4DC06E292B390X870B5BE29CFA7E800X195556837F737F1F0X7AEBAF09EEB8F8070X18A8F5DA6F71C8220X30C4BAB62E9115040XD0AC7BAD645344530XB1DFD77AA0E7DD900XABF0599FAA44D530XFE77AF771F6F25980X6F39CDB2BA053760X1F0A13738F0E444D0XCE4EC16CE16F548B0XDFA420BE05179E060XA1FBCFA61288C0F60XDEA30C35569BA538'),
        ('0d376509-fe79-4f0e-97ad-b0c3d9cfc486', '2024-02-29 15:38:31.734886 +00:00', 'Doe', 'John', 'test@example.com', '34186e71a90852018f179b71e85cc57d7460e9af7a6c886686b7ad6bd47722bf55766aced3e66cd6a66aeb251b50728e4fb6bb937379da70292e34fc7a72509b', '0xF82FE4796CEE60F17580EDBFEB05E51CAA6CEDC4384AAEEB82FB723C31B0DA1CDF7C40C2396DDB2D9B846C97F6622CCF3A0234FCA39F5919AF41D48F616B62BA76FA33BB3452E096C48AFF377132368BA9A5433D158DB729B82E54DE42B36249F189AE13EF97CD4189D61704D30EAE4BFE348784070DB6C2A26569A5EA80741ECA0500F8BB5D94432C275A36FD79C5375B999486247ED11F7075A67B5E20A69E4A9CD1A00FEFE31F1E6635FCAF715F53F8FD63A99BCB347262A410C58ADC711D83D8053FDB33C16E1DDFC45391F3C3323798106561E399BF2444947466D7AEA4A8013BAF20772B5017C97C1BC941F98E4591D0A871E258C88B1707E835EBFE86'),
        ('df79a3a8-840d-4601-b4b6-57dafa1d14a1', '2024-02-29 21:51:26.304797 +00:00', 'Zhōng', 'Lánzhū', 'lanzhu@nijigaku.edu.jp', 'f46ce4a714509b09c508faae97dd80506275b15fba34a3b64fcb7de784ffa0f4cb4abd2c139c7d56ae0f1e68cc6ccbff26d4bfbfe4c44c206456aad5e660f3a8', '0x9D37B691EEEF31A10X94CF91E7A56264500XD12F30B6362F159B0X2E3C71847297BB520X9780B72CBA586500XF65DB9CE0F5762580X5D2530D1B71B1B610X3FF58EAE1B4E67660X996778B94E77FCF40X85EF2C29F498C5EB0XD8DC63E650C317910X6DDEE28E3E00968A0X40832C96CD741C970X774B354327896C1D0XC429A12F93BE424B0X2EC21A5C961A14F50X6C11D329752B11F70X50A7CFD9F84E29520X9CFCE07ADB0C979B0X464666DE1A9BEE650XE90B591BE530A8760X625C1E105294B70A0X70E9E5BEFDACE98F0X2C96AD599C97FDD90X680FCCC7EF07E0C10X59F0377BA4F1CD5D0XF198DD196A0E3C7C0X5EB6D6719B8C721A0X9A70238BF2CF70130XB26FF704F4D4F36A0X32C392A4C3EEFC8A0X3319CA60C722A072'),
        ('33d7ab83-ddc8-4f34-85ea-59323aceba82', '2024-02-29 21:51:26.304797 +00:00', 'Gautama', 'Siddhartha', 'buddha@buddhism.in', 'ae43becf4a70114dece58b0d7508cba0c4f458a86796476f8f31d2adcf7ea60e947ed99ef3667b9f484b58285f38122e442d07ee639805bedd7df3fe9d6cd763', '0x8C7B89DD050C80510X674092A6A873E66A0X312E7CDCA76C61440X63C980C4EFE21FB50X31F3983C308D54200XA5DB5BD2ACBBA7C60XB52EAEC6A5A39C160XEEAA07C35DDA44E30XFB4BE2BC2880F4000XCEA72104BE39D04F0X9B254773BA52D57B0X4BE7F69F447AED470XB6DC92B382E7F6400X65421CB5A1801A2F0XB3DE0A56AB9D95CE0X6798728613D7FB9E0XCE959A348346565A0X492828E0675E5990XDBAA60BAF24DC02E0X70023E11FD3F22960X9FDC810935E8136A0XE525D930F01D873E0XE8CEBD1D635DDDD90X75648A0EE9749090X7F4C4324A3A9E0EE0X1BE4242EAF79E0E10XBAB9386286809A6A0X5F9B88E13D4BFBB50XBB00F55EF16108360XF163378D80B95BB80XCB9F61479EFFAE640X979F7A0D4C545DD7');

insert into zpi.course (course_id, creation_date, course_name, description, price, image, author)
values  ('f859d9de-a27c-41b0-b683-8d3df762e9a0', '2024-02-29 21:40:12.375547 +00:00', 'TEST 1', 'Lorem ipsum dolor sit amet, consectetur adipiscing elit. Nam interdum libero pharetra velit ullamcorper sagittis. Phasellus eget dictum eros. In non est laoreet, porta sem non, ultrices nisi. Proin dapibus cursus sem at elementum. Mauris lobortis arcu id neque pellentesque, quis lacinia magna facilisis. Ut posuere tellus sem, ut imperdiet leo varius a. Sed vehicula lacus ac facilisis molestie. Duis commodo mollis mauris, et pharetra velit. Proin ut imperdiet velit. Vivamus blandit dictum nisl ac tincidunt. Nunc a venenatis ante. Maecenas ut sem vestibulum, luctus eros sit amet, eleifend turpis. Vestibulum ac mi placerat, convallis lacus accumsan, commodo dolor. Suspendisse tempus diam elit, condimentum ultrices lorem posuere sed. ', '$1.00', '<svg width="300" height="300" xmlns="http://www.w3.org/2000/svg"><rect x="2" y="2" width="296" height="296" style="fill:#DEDEDE;stroke:#555555;stroke-width:2"/><text x="50%" y="50%" font-size="18" text-anchor="middle" alignment-baseline="middle" font-family="monospace, sans-serif" fill="#555555">300×300</text></svg>', 'ddad3c03-b26c-4465-bb95-e9bd75b6e654'),
        ('1762546c-4ab7-4aa6-b93a-ce8433284eff', '2024-02-29 21:55:42.809243 +00:00', 'TEST 2', 'Praesent faucibus ligula sed arcu iaculis elementum. Sed vitae nibh a metus ornare interdum. Aenean pharetra orci sit amet nulla mattis, non ultrices ipsum lacinia. Nullam tempor faucibus feugiat. Sed a varius urna, eget ullamcorper erat. Maecenas nulla eros, elementum ut tempor ac, fermentum ac justo. Integer vel purus at neque tincidunt molestie lacinia non elit. Morbi pretium diam ut neque commodo ullamcorper. ', '$2.00', '<svg width="300" height="300" xmlns="http://www.w3.org/2000/svg"><rect x="2" y="2" width="296" height="296" style="fill:#EDEDED;stroke:#555555;stroke-width:2"/><text x="50%" y="50%" font-size="18" text-anchor="middle" alignment-baseline="middle" font-family="monospace, sans-serif" fill="#555555">300×300</text></svg>', '0d376509-fe79-4f0e-97ad-b0c3d9cfc486'),
        ('16205a1d-45ef-47b4-9e5f-2c1edad02cfd', '2024-02-29 21:55:42.809243 +00:00', 'TEST 3', 'Donec volutpat cursus magna, nec pulvinar est lobortis vel. Aenean sit amet tortor nisi. Suspendisse ornare dictum auctor. Mauris eu metus id risus eleifend tempor id id purus. Nunc at sodales mauris, non imperdiet lacus. Nam pretium orci tortor, nec tincidunt velit pulvinar at. Mauris bibendum felis ligula. ', '$3.00', '<svg width="300" height="300" xmlns="http://www.w3.org/2000/svg"><rect x="2" y="2" width="296" height="296" style="fill:#EDDEDE;stroke:#555555;stroke-width:2"/><text x="50%" y="50%" font-size="18" text-anchor="middle" alignment-baseline="middle" font-family="monospace, sans-serif" fill="#555555">300×300</text></svg>', 'df79a3a8-840d-4601-b4b6-57dafa1d14a1'),
        ('da8bcfd8-8fff-4b5a-824e-53903b53b2be', '2024-02-29 21:55:42.809243 +00:00', 'TEST 4', 'Quisque at odio in neque pretium scelerisque. Praesent dignissim semper augue, id fermentum justo molestie vitae. Maecenas maximus erat purus, a dapibus orci sodales non. Fusce eget dolor lectus. Fusce id gravida massa, eu aliquam turpis. Praesent imperdiet leo placerat turpis convallis sodales. Ut mattis orci lacus, pretium fringilla eros viverra vitae. ', '$4.00', '<svg width="300" height="300" xmlns="http://www.w3.org/2000/svg"><rect x="2" y="2" width="296" height="296" style="fill:#DDDDDD;stroke:#555555;stroke-width:2"/><text x="50%" y="50%" font-size="18" text-anchor="middle" alignment-baseline="middle" font-family="monospace, sans-serif" fill="#555555">300×300</text></svg>', '33d7ab83-ddc8-4f34-85ea-59323aceba82'),
        ('82b9d94c-0208-41c3-aa03-ad54992facab', '2024-02-29 21:55:42.809243 +00:00', 'TEST 5', 'Nulla vitae diam elit. Vestibulum finibus ac purus a dapibus. Sed elementum tellus eu urna pulvinar venenatis. Vivamus ornare massa nec justo semper, in luctus nisl egestas. Praesent diam leo, feugiat et felis in, tristique molestie libero. Integer pharetra feugiat quam sit amet molestie. Sed vel orci ipsum. Praesent ac nulla lobortis, vehicula libero eget, ultricies neque. Praesent vel malesuada sapien. Praesent sed purus eros. ', '$5.00', '<svg width="300" height="300" xmlns="http://www.w3.org/2000/svg"><rect x="2" y="2" width="296" height="296" style="fill:#EEEEEE;stroke:#555555;stroke-width:2"/><text x="50%" y="50%" font-size="18" text-anchor="middle" alignment-baseline="middle" font-family="monospace, sans-serif" fill="#555555">300×300</text></svg>', '0d376509-fe79-4f0e-97ad-b0c3d9cfc486');

insert into zpi.user_courses (user_id, course_id)
values  ('33d7ab83-ddc8-4f34-85ea-59323aceba82', 'f859d9de-a27c-41b0-b683-8d3df762e9a0'),
        ('df79a3a8-840d-4601-b4b6-57dafa1d14a1', '1762546c-4ab7-4aa6-b93a-ce8433284eff'),
        ('0d376509-fe79-4f0e-97ad-b0c3d9cfc486', '16205a1d-45ef-47b4-9e5f-2c1edad02cfd'),
        ('ddad3c03-b26c-4465-bb95-e9bd75b6e654', 'da8bcfd8-8fff-4b5a-824e-53903b53b2be'),
        ('33d7ab83-ddc8-4f34-85ea-59323aceba82', '82b9d94c-0208-41c3-aa03-ad54992facab'),
        ('df79a3a8-840d-4601-b4b6-57dafa1d14a1', 'f859d9de-a27c-41b0-b683-8d3df762e9a0'),
        ('0d376509-fe79-4f0e-97ad-b0c3d9cfc486', '1762546c-4ab7-4aa6-b93a-ce8433284eff'),
        ('df79a3a8-840d-4601-b4b6-57dafa1d14a1', 'da8bcfd8-8fff-4b5a-824e-53903b53b2be'),
        ('ddad3c03-b26c-4465-bb95-e9bd75b6e654', '82b9d94c-0208-41c3-aa03-ad54992facab'),
        ('33d7ab83-ddc8-4f34-85ea-59323aceba82', '16205a1d-45ef-47b4-9e5f-2c1edad02cfd');

insert into zpi.course_review (review_id, creation_date, course_id, author, rating, comment)
values  ('f48620b2-8e8d-44d7-9bf6-590ca0b11ba2', '2024-02-29 22:01:10.201935 +00:00', 'f859d9de-a27c-41b0-b683-8d3df762e9a0', '33d7ab83-ddc8-4f34-85ea-59323aceba82', 3, 'Lorem ipsum dolor sit amet, consectetur adipiscing elit. Nam interdum libero pharetra velit ullamcorper sagittis. Phasellus eget dictum eros. In non est laoreet, porta sem non, ultrices nisi. Proin dapibus cursus sem at elementum. Mauris lobortis arcu id neque pellentesque, quis lacinia magna facilisis. Ut posuere tellus sem, ut imperdiet leo varius a. Sed vehicula lacus ac facilisis molestie. Duis commodo mollis mauris, et pharetra velit. Proin ut imperdiet velit. Vivamus blandit dictum nisl ac tincidunt. Nunc a venenatis ante. Maecenas ut sem vestibulum, luctus eros sit amet, eleifend turpis. Vestibulum ac mi placerat, convallis lacus accumsan, commodo dolor. Suspendisse tempus diam elit, condimentum ultrices lorem posuere sed. '),
        ('ecec17a4-c1bd-416e-b638-266983aa2cfb', '2024-02-29 22:01:10.201935 +00:00', '1762546c-4ab7-4aa6-b93a-ce8433284eff', 'df79a3a8-840d-4601-b4b6-57dafa1d14a1', 2, 'Praesent faucibus ligula sed arcu iaculis elementum. Sed vitae nibh a metus ornare interdum. Aenean pharetra orci sit amet nulla mattis, non ultrices ipsum lacinia. Nullam tempor faucibus feugiat. Sed a varius urna, eget ullamcorper erat. Maecenas nulla eros, elementum ut tempor ac, fermentum ac justo. Integer vel purus at neque tincidunt molestie lacinia non elit. Morbi pretium diam ut neque commodo ullamcorper. '),
        ('e7a6b214-5650-4b49-b192-c51bd67605c1', '2024-02-29 22:01:10.201935 +00:00', '16205a1d-45ef-47b4-9e5f-2c1edad02cfd', '0d376509-fe79-4f0e-97ad-b0c3d9cfc486', 4, 'Donec volutpat cursus magna, nec pulvinar est lobortis vel. Aenean sit amet tortor nisi. Suspendisse ornare dictum auctor. Mauris eu metus id risus eleifend tempor id id purus. Nunc at sodales mauris, non imperdiet lacus. Nam pretium orci tortor, nec tincidunt velit pulvinar at. Mauris bibendum felis ligula. '),
        ('6fab261f-cf47-44df-b2b5-d45a9b3077c9', '2024-02-29 22:01:10.201935 +00:00', 'da8bcfd8-8fff-4b5a-824e-53903b53b2be', 'ddad3c03-b26c-4465-bb95-e9bd75b6e654', 5, 'Quisque at odio in neque pretium scelerisque. Praesent dignissim semper augue, id fermentum justo molestie vitae. Maecenas maximus erat purus, a dapibus orci sodales non. Fusce eget dolor lectus. Fusce id gravida massa, eu aliquam turpis. Praesent imperdiet leo placerat turpis convallis sodales. Ut mattis orci lacus, pretium fringilla eros viverra vitae. '),
        ('e5c9b4a4-419a-4dc3-80bc-b43f2b239878', '2024-02-29 22:01:10.201935 +00:00', '82b9d94c-0208-41c3-aa03-ad54992facab', '33d7ab83-ddc8-4f34-85ea-59323aceba82', 1, 'Nulla vitae diam elit. Vestibulum finibus ac purus a dapibus. Sed elementum tellus eu urna pulvinar venenatis. Vivamus ornare massa nec justo semper, in luctus nisl egestas. Praesent diam leo, feugiat et felis in, tristique molestie libero. Integer pharetra feugiat quam sit amet molestie. Sed vel orci ipsum. Praesent ac nulla lobortis, vehicula libero eget, ultricies neque. Praesent vel malesuada sapien. Praesent sed purus eros. '),
        ('5360966a-96da-4aed-b242-19b95d52c8e1', '2024-02-29 22:01:10.201935 +00:00', 'f859d9de-a27c-41b0-b683-8d3df762e9a0', 'df79a3a8-840d-4601-b4b6-57dafa1d14a1', 3, 'Class aptent taciti sociosqu ad litora torquent per conubia nostra, per inceptos himenaeos. Curabitur ullamcorper semper justo. Fusce scelerisque urna diam, ut iaculis massa pretium ultrices. Vestibulum sollicitudin lacus eu risus eleifend, eu imperdiet erat euismod. Etiam sapien dolor, tincidunt a lacus at, eleifend iaculis eros. Nulla scelerisque, sem sed posuere egestas, urna ipsum luctus diam, et hendrerit massa nisl ac urna. Fusce egestas euismod neque, sit amet sollicitudin ante convallis blandit. Sed cursus placerat purus vitae ultricies. Nullam vulputate, quam in vestibulum efficitur, magna neque interdum massa, a aliquet lacus tortor ac felis. Nulla malesuada lectus pretium mi lacinia dictum. Nullam cursus ex at nisi egestas, ac pretium nulla ultrices. Vivamus luctus, turpis quis scelerisque vulputate, mauris diam vestibulum turpis, id eleifend tellus dui et mauris. Sed non nisl a erat scelerisque vestibulum at eget dui. Vivamus eget nulla eget ligula egestas viverra vel non odio. '),
        ('c017f84e-0f2c-4875-bbc8-93e85ee63783', '2024-02-29 22:01:10.201935 +00:00', '1762546c-4ab7-4aa6-b93a-ce8433284eff', '0d376509-fe79-4f0e-97ad-b0c3d9cfc486', 2, 'Duis non sapien ut est tempor bibendum. Donec odio quam, accumsan et porttitor a, lacinia a erat. Vestibulum cursus, nisl a ornare luctus, dui sem fringilla urna, eu fermentum turpis nibh non erat. Aenean at dapibus elit. Proin quis convallis turpis. Nam volutpat odio in bibendum aliquam. Interdum et malesuada fames ac ante ipsum primis in faucibus. Etiam placerat turpis nec libero maximus euismod. Pellentesque scelerisque, magna in pharetra bibendum, eros dui tristique risus, eget feugiat mauris urna eu mi. Vivamus mollis lacinia ante, et vulputate nisl. Etiam pretium vulputate lacus at ornare. Nullam tempor id tellus vel pretium. Proin quis tellus diam. Lorem ipsum dolor sit amet, consectetur adipiscing elit. Quisque facilisis tempor pellentesque. Nam ac tellus interdum, rutrum ligula nec, lacinia ante. '),
        ('a5e4ee5d-a735-479d-b884-21db29fdc88e', '2024-02-29 22:01:10.201935 +00:00', 'da8bcfd8-8fff-4b5a-824e-53903b53b2be', 'df79a3a8-840d-4601-b4b6-57dafa1d14a1', 5, 'Suspendisse augue massa, finibus at rutrum mattis, convallis vitae eros. Sed fermentum, magna id mollis interdum, orci nisi aliquam est, fringilla semper mi neque vitae mi. Suspendisse ut tellus aliquam, blandit tellus ac, suscipit lorem. Donec ullamcorper et est sit amet eleifend. Sed a semper metus. Nullam lacinia consectetur fermentum. Donec ut tellus purus. Mauris ut mauris at lectus auctor consequat quis vel ante. Phasellus laoreet metus sed massa convallis vestibulum. Suspendisse a arcu condimentum, lacinia elit vitae, commodo neque. '),
        ('5f3deeca-815b-4e15-8bc6-c113e4addb7d', '2024-02-29 22:01:10.201935 +00:00', '82b9d94c-0208-41c3-aa03-ad54992facab', 'ddad3c03-b26c-4465-bb95-e9bd75b6e654', 1, 'Cras dolor lacus, varius in elit sed, ultricies blandit odio. Nullam lobortis aliquet orci, id hendrerit diam hendrerit ac. In ut ipsum justo. Mauris vestibulum malesuada turpis at porttitor. Vivamus cursus tortor vel enim tincidunt interdum. Donec blandit posuere enim, nec tincidunt lorem tempus maximus. Sed faucibus faucibus erat in ornare. Cras quis tellus dui. Cras laoreet nulla vel bibendum venenatis. Curabitur luctus condimentum pharetra. Sed non quam id ipsum vulputate lacinia. Phasellus semper sem at elit efficitur, sed scelerisque libero tincidunt. Maecenas aliquam ut tortor ut pharetra. '),
        ('41d2a33c-cf94-4de7-b620-a71c4b69cd65', '2024-02-29 22:01:10.201935 +00:00', '16205a1d-45ef-47b4-9e5f-2c1edad02cfd', '33d7ab83-ddc8-4f34-85ea-59323aceba82', 4, 'Integer rhoncus suscipit mi, non imperdiet lacus suscipit et. Duis erat quam, vulputate non efficitur sit amet, mattis sit amet orci. Aliquam convallis tincidunt tempus. Lorem ipsum dolor sit amet, consectetur adipiscing elit. Donec dolor sapien, porta vitae lorem et, sodales malesuada odio. Fusce non ante ac orci eleifend pretium. Sed pharetra, urna sed placerat tempor, dui mi semper metus, et blandit nibh sapien at felis. Integer sagittis dictum faucibus. Aenean luctus viverra metus, ac dignissim ligula efficitur in. Aliquam nisi lorem, eleifend id elit quis, mattis posuere augue. Curabitur sit amet nibh mi. Suspendisse potenti. Vivamus pellentesque nisi purus, et imperdiet eros fermentum quis. In nec metus velit. Donec at turpis dolor. Donec consequat volutpat placerat. ');

insert into zpi.course_review (review_id, creation_date, course_id, author, rating, comment)
values  ('f48620b2-8e8d-44d7-9bf6-590ca0b11ba2', '2024-02-29 22:01:10.201935 +00:00', 'f859d9de-a27c-41b0-b683-8d3df762e9a0', '33d7ab83-ddc8-4f34-85ea-59323aceba82', 3, 'Lorem ipsum dolor sit amet, consectetur adipiscing elit. Nam interdum libero pharetra velit ullamcorper sagittis. Phasellus eget dictum eros. In non est laoreet, porta sem non, ultrices nisi. Proin dapibus cursus sem at elementum. Mauris lobortis arcu id neque pellentesque, quis lacinia magna facilisis. Ut posuere tellus sem, ut imperdiet leo varius a. Sed vehicula lacus ac facilisis molestie. Duis commodo mollis mauris, et pharetra velit. Proin ut imperdiet velit. Vivamus blandit dictum nisl ac tincidunt. Nunc a venenatis ante. Maecenas ut sem vestibulum, luctus eros sit amet, eleifend turpis. Vestibulum ac mi placerat, convallis lacus accumsan, commodo dolor. Suspendisse tempus diam elit, condimentum ultrices lorem posuere sed. '),
        ('ecec17a4-c1bd-416e-b638-266983aa2cfb', '2024-02-29 22:01:10.201935 +00:00', '1762546c-4ab7-4aa6-b93a-ce8433284eff', 'df79a3a8-840d-4601-b4b6-57dafa1d14a1', 2, 'Praesent faucibus ligula sed arcu iaculis elementum. Sed vitae nibh a metus ornare interdum. Aenean pharetra orci sit amet nulla mattis, non ultrices ipsum lacinia. Nullam tempor faucibus feugiat. Sed a varius urna, eget ullamcorper erat. Maecenas nulla eros, elementum ut tempor ac, fermentum ac justo. Integer vel purus at neque tincidunt molestie lacinia non elit. Morbi pretium diam ut neque commodo ullamcorper. '),
        ('e7a6b214-5650-4b49-b192-c51bd67605c1', '2024-02-29 22:01:10.201935 +00:00', '16205a1d-45ef-47b4-9e5f-2c1edad02cfd', '0d376509-fe79-4f0e-97ad-b0c3d9cfc486', 4, 'Donec volutpat cursus magna, nec pulvinar est lobortis vel. Aenean sit amet tortor nisi. Suspendisse ornare dictum auctor. Mauris eu metus id risus eleifend tempor id id purus. Nunc at sodales mauris, non imperdiet lacus. Nam pretium orci tortor, nec tincidunt velit pulvinar at. Mauris bibendum felis ligula. '),
        ('6fab261f-cf47-44df-b2b5-d45a9b3077c9', '2024-02-29 22:01:10.201935 +00:00', 'da8bcfd8-8fff-4b5a-824e-53903b53b2be', 'ddad3c03-b26c-4465-bb95-e9bd75b6e654', 5, 'Quisque at odio in neque pretium scelerisque. Praesent dignissim semper augue, id fermentum justo molestie vitae. Maecenas maximus erat purus, a dapibus orci sodales non. Fusce eget dolor lectus. Fusce id gravida massa, eu aliquam turpis. Praesent imperdiet leo placerat turpis convallis sodales. Ut mattis orci lacus, pretium fringilla eros viverra vitae. '),
        ('e5c9b4a4-419a-4dc3-80bc-b43f2b239878', '2024-02-29 22:01:10.201935 +00:00', '82b9d94c-0208-41c3-aa03-ad54992facab', '33d7ab83-ddc8-4f34-85ea-59323aceba82', 1, 'Nulla vitae diam elit. Vestibulum finibus ac purus a dapibus. Sed elementum tellus eu urna pulvinar venenatis. Vivamus ornare massa nec justo semper, in luctus nisl egestas. Praesent diam leo, feugiat et felis in, tristique molestie libero. Integer pharetra feugiat quam sit amet molestie. Sed vel orci ipsum. Praesent ac nulla lobortis, vehicula libero eget, ultricies neque. Praesent vel malesuada sapien. Praesent sed purus eros. '),
        ('5360966a-96da-4aed-b242-19b95d52c8e1', '2024-02-29 22:01:10.201935 +00:00', 'f859d9de-a27c-41b0-b683-8d3df762e9a0', 'df79a3a8-840d-4601-b4b6-57dafa1d14a1', 3, 'Class aptent taciti sociosqu ad litora torquent per conubia nostra, per inceptos himenaeos. Curabitur ullamcorper semper justo. Fusce scelerisque urna diam, ut iaculis massa pretium ultrices. Vestibulum sollicitudin lacus eu risus eleifend, eu imperdiet erat euismod. Etiam sapien dolor, tincidunt a lacus at, eleifend iaculis eros. Nulla scelerisque, sem sed posuere egestas, urna ipsum luctus diam, et hendrerit massa nisl ac urna. Fusce egestas euismod neque, sit amet sollicitudin ante convallis blandit. Sed cursus placerat purus vitae ultricies. Nullam vulputate, quam in vestibulum efficitur, magna neque interdum massa, a aliquet lacus tortor ac felis. Nulla malesuada lectus pretium mi lacinia dictum. Nullam cursus ex at nisi egestas, ac pretium nulla ultrices. Vivamus luctus, turpis quis scelerisque vulputate, mauris diam vestibulum turpis, id eleifend tellus dui et mauris. Sed non nisl a erat scelerisque vestibulum at eget dui. Vivamus eget nulla eget ligula egestas viverra vel non odio. '),
        ('c017f84e-0f2c-4875-bbc8-93e85ee63783', '2024-02-29 22:01:10.201935 +00:00', '1762546c-4ab7-4aa6-b93a-ce8433284eff', '0d376509-fe79-4f0e-97ad-b0c3d9cfc486', 2, 'Duis non sapien ut est tempor bibendum. Donec odio quam, accumsan et porttitor a, lacinia a erat. Vestibulum cursus, nisl a ornare luctus, dui sem fringilla urna, eu fermentum turpis nibh non erat. Aenean at dapibus elit. Proin quis convallis turpis. Nam volutpat odio in bibendum aliquam. Interdum et malesuada fames ac ante ipsum primis in faucibus. Etiam placerat turpis nec libero maximus euismod. Pellentesque scelerisque, magna in pharetra bibendum, eros dui tristique risus, eget feugiat mauris urna eu mi. Vivamus mollis lacinia ante, et vulputate nisl. Etiam pretium vulputate lacus at ornare. Nullam tempor id tellus vel pretium. Proin quis tellus diam. Lorem ipsum dolor sit amet, consectetur adipiscing elit. Quisque facilisis tempor pellentesque. Nam ac tellus interdum, rutrum ligula nec, lacinia ante. '),
        ('a5e4ee5d-a735-479d-b884-21db29fdc88e', '2024-02-29 22:01:10.201935 +00:00', 'da8bcfd8-8fff-4b5a-824e-53903b53b2be', 'df79a3a8-840d-4601-b4b6-57dafa1d14a1', 5, 'Suspendisse augue massa, finibus at rutrum mattis, convallis vitae eros. Sed fermentum, magna id mollis interdum, orci nisi aliquam est, fringilla semper mi neque vitae mi. Suspendisse ut tellus aliquam, blandit tellus ac, suscipit lorem. Donec ullamcorper et est sit amet eleifend. Sed a semper metus. Nullam lacinia consectetur fermentum. Donec ut tellus purus. Mauris ut mauris at lectus auctor consequat quis vel ante. Phasellus laoreet metus sed massa convallis vestibulum. Suspendisse a arcu condimentum, lacinia elit vitae, commodo neque. '),
        ('5f3deeca-815b-4e15-8bc6-c113e4addb7d', '2024-02-29 22:01:10.201935 +00:00', '82b9d94c-0208-41c3-aa03-ad54992facab', 'ddad3c03-b26c-4465-bb95-e9bd75b6e654', 1, 'Cras dolor lacus, varius in elit sed, ultricies blandit odio. Nullam lobortis aliquet orci, id hendrerit diam hendrerit ac. In ut ipsum justo. Mauris vestibulum malesuada turpis at porttitor. Vivamus cursus tortor vel enim tincidunt interdum. Donec blandit posuere enim, nec tincidunt lorem tempus maximus. Sed faucibus faucibus erat in ornare. Cras quis tellus dui. Cras laoreet nulla vel bibendum venenatis. Curabitur luctus condimentum pharetra. Sed non quam id ipsum vulputate lacinia. Phasellus semper sem at elit efficitur, sed scelerisque libero tincidunt. Maecenas aliquam ut tortor ut pharetra. '),
        ('41d2a33c-cf94-4de7-b620-a71c4b69cd65', '2024-02-29 22:01:10.201935 +00:00', '16205a1d-45ef-47b4-9e5f-2c1edad02cfd', '33d7ab83-ddc8-4f34-85ea-59323aceba82', 4, 'Integer rhoncus suscipit mi, non imperdiet lacus suscipit et. Duis erat quam, vulputate non efficitur sit amet, mattis sit amet orci. Aliquam convallis tincidunt tempus. Lorem ipsum dolor sit amet, consectetur adipiscing elit. Donec dolor sapien, porta vitae lorem et, sodales malesuada odio. Fusce non ante ac orci eleifend pretium. Sed pharetra, urna sed placerat tempor, dui mi semper metus, et blandit nibh sapien at felis. Integer sagittis dictum faucibus. Aenean luctus viverra metus, ac dignissim ligula efficitur in. Aliquam nisi lorem, eleifend id elit quis, mattis posuere augue. Curabitur sit amet nibh mi. Suspendisse potenti. Vivamus pellentesque nisi purus, et imperdiet eros fermentum quis. In nec metus velit. Donec at turpis dolor. Donec consequat volutpat placerat. ');

insert into zpi.section (section_id, creation_date, section_name, course_id)
values  ('a1a2e459-e98d-4069-ad57-b5c5dcb359e0', '2024-02-29 21:56:48.465441 +00:00', 'TEST 1.1', 'f859d9de-a27c-41b0-b683-8d3df762e9a0'),
        ('8db2b1e1-19d8-4bd0-9255-b85baf768016', '2024-02-29 21:56:48.465441 +00:00', 'TEST 2.1', '1762546c-4ab7-4aa6-b93a-ce8433284eff'),
        ('3eaa206f-8334-41fa-b76f-ff63a65fbc61', '2024-02-29 21:56:48.465441 +00:00', 'TEST 3.1', '16205a1d-45ef-47b4-9e5f-2c1edad02cfd'),
        ('f761422c-aa8a-4d06-a5b3-4db5f5416a70', '2024-02-29 21:56:48.465441 +00:00', 'TEST 4.1', 'da8bcfd8-8fff-4b5a-824e-53903b53b2be'),
        ('9bcc2363-37e2-4eb0-a446-3573fecae6b2', '2024-02-29 21:56:48.465441 +00:00', 'TEST 5.1', '82b9d94c-0208-41c3-aa03-ad54992facab'),
        ('4ddba08f-7733-48d2-9553-dce03fb4555e', '2024-02-29 21:56:48.465441 +00:00', 'TEST 1.2', 'f859d9de-a27c-41b0-b683-8d3df762e9a0'),
        ('e7a3da42-6aa0-44d6-8706-60da5f7292fe', '2024-02-29 21:56:48.465441 +00:00', 'TEST 2.2', '1762546c-4ab7-4aa6-b93a-ce8433284eff'),
        ('cf9e19e8-2a33-46e4-b469-f8602ae4af5b', '2024-02-29 21:56:48.465441 +00:00', 'TEST 3.2', '16205a1d-45ef-47b4-9e5f-2c1edad02cfd'),
        ('62cd9f2f-501a-4eda-82f1-aa3e329f25cc', '2024-02-29 21:56:48.465441 +00:00', 'TEST 4.2', 'da8bcfd8-8fff-4b5a-824e-53903b53b2be'),
        ('f272b603-d5c0-49df-b9cb-c110c78c92a6', '2024-02-29 21:56:48.465441 +00:00', 'TEST 5.2', '82b9d94c-0208-41c3-aa03-ad54992facab');

insert into zpi.video (video_id, creation_date, video_name, section_id, video_hash, length)
values  ('a8f5b28d-f349-46c4-b6e3-358adfaa3d8a', '2024-02-29 22:12:52.750379 +00:00', 'TEST 2.1.1', '8db2b1e1-19d8-4bd0-9255-b85baf768016', '752fca82be435df59e14ea0ec8cd5c8cbf282a683aab84c4844a436f0386f69c6ff3692b9213428dd8850663d7c58421d556e8175ae9c05c73d71f8efc6e138e', '0 years 0 mons 0 days 0 hours 17 mins 18.662007 secs'),
        ('29bfa1c7-c27e-444d-8657-64ba85b4e59f', '2024-02-29 22:12:52.750379 +00:00', 'TEST 3.1.1', '3eaa206f-8334-41fa-b76f-ff63a65fbc61', '13d670a8dec66dd483e5397ff763548b59da54d023307328940b61a20609b5c678f2d610c026ef436197790bd254d06d679c9231c1c2d9c0c0a70e7fdb878c4c', '0 years 0 mons 0 days 0 hours 16 mins 55.31842 secs'),
        ('13163235-aec1-4fbd-b60d-0ca2e15411ff', '2024-02-29 22:12:52.750379 +00:00', 'TEST 4.1.1', 'f761422c-aa8a-4d06-a5b3-4db5f5416a70', 'ceab363133482c6351a4a183110d692c0a9454a9c47f8c60133e0a20738ea6dd28d09ff0526300e0c63e9840faf1bde2b08643352eb08aad22e610f511794b70', '0 years 0 mons 0 days 0 hours 27 mins 32.062409 secs'),
        ('c22b75e0-0567-4246-9310-4f4ee659ee6e', '2024-02-29 22:12:52.750379 +00:00', 'TEST 5.1.1', '9bcc2363-37e2-4eb0-a446-3573fecae6b2', '9e01fbcc956441d712a3ade0d94549fe3bd72e7020487a29caed413824eaa0a0ab85126d3575f88915f02a49da4d7d1917b2bbeab28a6cead18d371abf4557c4', '0 years 0 mons 0 days 0 hours 20 mins 26.195626 secs'),
        ('8f748b7d-8f0d-4ba1-b222-4195498701b8', '2024-02-29 22:12:52.750379 +00:00', 'TEST 1.2.1', '4ddba08f-7733-48d2-9553-dce03fb4555e', 'a64a3bc9bd5a92fdc59c52e38cb59f5f1d5eaa27c41dca5c042d1207be611b9883b5ff3cfb4c6414f4effd12744a18447368e9d60108b81ed074520760db0a89', '0 years 0 mons 0 days 2 hours 42 mins 51.297242 secs'),
        ('7f2e3bbc-2f12-428c-a4e2-38a18bd188c1', '2024-02-29 22:12:52.750379 +00:00', 'TEST 2.2.1', 'e7a3da42-6aa0-44d6-8706-60da5f7292fe', '6d0524425fc672be3c7f7aed182c682f1f82209c2f0d71929040f172fa384d6c3244356638785141cce1842903dfa05c00c3bae311200a81e06a522a5302f13a', '0 years 0 mons 0 days 2 hours 3 mins 25.141317 secs'),
        ('a0ab37f5-1893-4f63-a700-54569c9318c3', '2024-02-29 22:12:52.750379 +00:00', 'TEST 3.2.1', 'cf9e19e8-2a33-46e4-b469-f8602ae4af5b', '7ab04f352aa90f9cdf804349efd119661a8261104b3d87163c84fedd7e40f8d22e89d3cbccf01724c07675e8fb96903e1483832f6f676f103e361ee2acd4aef8', '0 years 0 mons 0 days 1 hours 24 mins 52.944677 secs'),
        ('e1a86f9d-4230-4327-9395-7cc59684e3c5', '2024-02-29 22:12:52.750379 +00:00', 'TEST 4.2.1', '62cd9f2f-501a-4eda-82f1-aa3e329f25cc', 'e7b018f7ba3db5f129a7e44b1a01eb50680566cdf661c63e95c3ba51aff15d9b90f4c1015648fdaafb04fdff24143d5fb6d36f5cd48d3bbda0aea9c9f128fa5d', '0 years 0 mons 0 days 2 hours 12 mins 58.465062 secs'),
        ('f47f6793-a9dc-498f-b1e0-2a2a2d7fe8c6', '2024-02-29 22:12:52.750379 +00:00', 'TEST 5.2.1', 'f272b603-d5c0-49df-b9cb-c110c78c92a6', '7db1e4d39f35c7a0cfa1659eb60ea0972b13689cfb1dc58421f0d09044f924265f9ba8af8a82766a3addd2faed37bcc75cc836a58b2bf747bb90de4a0576a6c1', '0 years 0 mons 0 days 1 hours 11 mins 16.057305 secs'),
        ('710b4952-5aa3-470c-b3a4-ed356b6d0681', '2024-02-29 22:12:52.750379 +00:00', 'TEST 1.1.2', 'a1a2e459-e98d-4069-ad57-b5c5dcb359e0', '81635c6852f049eab51b820bf7a9909225af152780cc049d44071ca22e583e6dcd358f646d96d70f83e6819a4fd99f981a15f27895624941f800d29feb45a87c', '0 years 0 mons 0 days 2 hours 34 mins 12.95001 secs'),
        ('8ea33ade-1716-4170-bab2-12335eeba7fe', '2024-02-29 22:12:52.750379 +00:00', 'TEST 2.1.2', '8db2b1e1-19d8-4bd0-9255-b85baf768016', 'f6fa5aa6d199022c5ad5544d2d8e474ca3b67632c7f2524494a4bafcea8dfb897359abcd30bdba64634001e6f5b3c50c064f9667bc7de299d47da5174e4e8da9', '0 years 0 mons 0 days 1 hours 51 mins 11.114797 secs'),
        ('6bc4f68b-c5fb-4083-9185-693370343763', '2024-02-29 22:12:52.750379 +00:00', 'TEST 3.1.2', '3eaa206f-8334-41fa-b76f-ff63a65fbc61', '7f4aae705ea052e1d1a66f50ca24112c71eef23252f750c8620d7cfefb9f5dfee421aa95346cce9f6c5a370bfe1f63279bf2305e8889f7127dd32d45d566522a', '0 years 0 mons 0 days 0 hours 29 mins 47.512106 secs'),
        ('d2842b6a-8c12-4e32-a5be-670be21ce8fa', '2024-02-29 22:12:52.750379 +00:00', 'TEST 4.1.2', 'f761422c-aa8a-4d06-a5b3-4db5f5416a70', '74d59e7c9745549f6e6cdf5e704356351eee52430a1dafaed7b8cf41d8fcc2661f737d174b85ae51ce6cceb08fad4b4ab21dc7682f826cbc8a17805cd1a6aa53', '0 years 0 mons 0 days 1 hours 8 mins 44.537477 secs'),
        ('9f922fd2-ed72-4f1c-bbaf-a816df26a98c', '2024-02-29 22:12:52.750379 +00:00', 'TEST 5.1.2', '9bcc2363-37e2-4eb0-a446-3573fecae6b2', '0ca1c7f518d157224e0e2bd453531adf455f63d14426f15c880bea9564993da8085964cbd10d7099405a9b72eb558a8fbe8c19df0e398444119874e10604418f', '0 years 0 mons 0 days 1 hours 37 mins 4.516635 secs'),
        ('74f18746-8978-45c5-b1d0-3f2289839039', '2024-02-29 22:12:52.750379 +00:00', 'TEST 1.2.2', '4ddba08f-7733-48d2-9553-dce03fb4555e', '74046cff11aacd1bffad3f71cb4dbee0d37be97e6b0dfff4d7e0f30a5ca69586bc1299f7b028be3f3bf37607f32e681e6b316d2e056101ad185c3ce1c26b151a', '0 years 0 mons 0 days 0 hours 52 mins 36.094693 secs'),
        ('a4e87827-d3eb-4010-b689-187ce6824922', '2024-02-29 22:12:52.750379 +00:00', 'TEST 2.2.2', 'e7a3da42-6aa0-44d6-8706-60da5f7292fe', 'a4a5d1bcf5f950ca02b86bb4c46e35901e4dae2c1e85833519422581a8e95ce663103aaa8568e29251e3aaf771c162b13c6424e95d0805d4b35a70ae4a1f949c', '0 years 0 mons 0 days 0 hours 49 mins 45.863564 secs'),
        ('285c2331-5df8-45a3-a37a-4db8ad3c3b11', '2024-02-29 22:12:52.750379 +00:00', 'TEST 3.2.2', 'cf9e19e8-2a33-46e4-b469-f8602ae4af5b', 'cce7862a9a2588d43db0ec2dc0a3b7fe7fc27a7334f0664142525a6cd7252c69f46b6c5c15f173d191eb5345bca41eb3b6a9e6872b2a1e917ae4745cbf4d0aa4', '0 years 0 mons 0 days 1 hours 24 mins 36.800965 secs'),
        ('77652399-15c5-4916-b87c-1f531719acdf', '2024-02-29 22:12:52.750379 +00:00', 'TEST 4.2.2', '62cd9f2f-501a-4eda-82f1-aa3e329f25cc', 'de1d43cd8f5bcfcbb959159c67a7e3dd46341362a587f0c87baf46381fceffe01654b5f169600a3434bc94b9992db7798ddc55e639c537c175817af8955b564a', '0 years 0 mons 0 days 2 hours 9 mins 45.480158 secs'),
        ('ad593cd8-3fc8-4e82-b6cc-415b3b5e7d82', '2024-02-29 22:12:52.750379 +00:00', 'TEST 5.2.2', 'f272b603-d5c0-49df-b9cb-c110c78c92a6', 'aae17c6d78ec9d62710176872d09476cdb59266d354a7c19a829bb40c5ab584f38fdfb48ad21c98fc95747a9c0759398510f79b46e6ed3edc1123331ee6f0c21', '0 years 0 mons 0 days 1 hours 40 mins 15.39186 secs'),
        ('b1d160a8-df58-49ef-af00-f9398f84b80d', '2024-02-29 22:12:52.750379 +00:00', 'TEST 1.1.1', 'a1a2e459-e98d-4069-ad57-b5c5dcb359e0', 'c58d4f074c60cbbff0bc6d89113ad1726dc180f63673af2bfdc8799ba185c54fb522fae4e399fa4b5e9b86be73353fb81a7daec9becf16b3382b748707a2eba7', '0 years 0 mons 0 days 1 hours 56 mins 2.568288 secs');

insert into zpi.attachment (attachment_id, creation_date, file_name, file_hash, video_id, file_size)
values  ('091c125e-45d6-4f61-ad61-7701a358868d', '2024-02-29 22:33:40.809894 +00:00', 'utyqgcsoe.bin', 'b7f84253a40bddeb70e829d7563fdbc5f614578d42ecede939d1567ca29b95e3096f535ed1aa4ee36e02aea3216ad2ccaecf41fa27b91db2c79ef4f8ace4e1f6', 'b1d160a8-df58-49ef-af00-f9398f84b80d', 172001911),
        ('95868ed5-8b3f-497d-9966-ee57d8a5b1e7', '2024-02-29 22:33:40.809894 +00:00', 'rcqjwnry.mp4', 'c29e8f3202f28dd019f294ddc270c530b715fcd5b5f03b7b41069c863178a564b1eedbdfbaaea933c6b18b20998208e91d00c1cdbb6076d7472c2c91439d3e2c', '710b4952-5aa3-470c-b3a4-ed356b6d0681', 836554711),
        ('7150d3a2-7c35-4e9e-9c1f-633f2927b137', '2024-02-29 22:33:40.809894 +00:00', 'qczampknz.ogg', 'b77cd2506db1aeae5b0f010e0185a93e3f480eebd8c691d9796ddccc994704ca50f6295bae822b380297ae9ab9346f35d089a1aa4fa05889c7bc10352466578f', '8f748b7d-8f0d-4ba1-b222-4195498701b8', 1921272299),
        ('09a816cf-2618-48bd-9941-4a02a3806372', '2024-02-29 22:33:40.809894 +00:00', 'jehvrskk.wav', 'fb78ce1a37a15dc23870267d2095a98db3d622426a576a6c37a06006d88dd1043e38f1e0aaa73671c2bad9894c9eb463d84021e195c03adbd7a3153802e7d665', '74f18746-8978-45c5-b1d0-3f2289839039', 311734170),
        ('368b3ebf-ca9a-48b3-b539-a12ba3775e76', '2024-02-29 22:33:40.809894 +00:00', 'ejbems.docx', '03040fcbcd1671842b636e45b271e77f36704dce8a0234a6b66387f05a0703104c93288a32148417a256b74d9cde9ca92f938927737a2f12f5240f27272a8825', 'a8f5b28d-f349-46c4-b6e3-358adfaa3d8a', 1686857973),
        ('1947e8c2-6ed7-45f7-a3c9-18bbd377665b', '2024-02-29 22:33:40.809894 +00:00', 'kalypjgh.blend', 'c80695697f99379b998207ef16d0837877574ee2de3208a1056a81a4ba4cffb7a0cab96160eedf378018476b2a445c8fb895025de48e6eac459839c624308ab0', '8ea33ade-1716-4170-bab2-12335eeba7fe', 1913187010),
        ('0e89fe73-50da-4a56-a961-5d2142e62b74', '2024-02-29 22:33:40.809894 +00:00', 'oiarztiw.zip', '276ce02edb36a035678da197b42f4364c5748aa412c9fb601c24d8c2804de8eba06e2f1d1807df022256de0c47792ce6e48410042115e6fcc6fed28c5452f199', '7f2e3bbc-2f12-428c-a4e2-38a18bd188c1', 1733368058),
        ('39540b13-65d4-4c39-b889-f9123e3e160e', '2024-02-29 22:33:40.809894 +00:00', 'kwqgyho.7z', '60cf0393ff848d673d72713a95a50916f1f9bf6ae10bdae5d4760cf8911065ab7d472af952e875dbe2bd3b8209684fb5743fd652c82923970a3be39b052d60f5', 'a4e87827-d3eb-4010-b689-187ce6824922', 1864731709),
        ('71245a30-74be-4743-b413-3d6035dc5394', '2024-02-29 22:33:40.809894 +00:00', 'gsmpldd.rar', '256946e5da96cd90614e2f589fa1fd05ea9fe048b347a66b8b77acc49b09f6f16acc7a6aee546524763afcb4f9c43eea7bd5d44749e5a0f27be7b172cab7408f', '29bfa1c7-c27e-444d-8657-64ba85b4e59f', 864624795),
        ('7945d020-6b9a-488e-bcab-3df8a7f1d4a7', '2024-02-29 22:33:40.809894 +00:00', 'sjvkoq.exe', 'b24bbd861f9b31d8046883d2e7ef924fdd4dcefa8f99003e61556054f3e1e6e5c1e9b3fddec249bce66bff0a8fe90c59a9e394cb8345d841a2a8e3490289b05e', '6bc4f68b-c5fb-4083-9185-693370343763', 800312018),
        ('98550ee8-fa09-4105-9f04-89d6e5a988e1', '2024-02-29 22:33:40.809894 +00:00', 'fmcbawj.scr', '5a17a03b1e1fd9152c7e6832c168358092e480f0b43ba8d373813d15a43d0ed2f0d19bc59939f6a4fbfaaa3ac28cce9063e85b5b55163a5b244d73413556e7a3', 'a0ab37f5-1893-4f63-a700-54569c9318c3', 1937878519),
        ('ac3b3cea-c11b-41e4-9368-1783b4eb3be4', '2024-02-29 22:33:40.809894 +00:00', 'msyxpkuw.py', '427599dffd28b72b8b0e4e934b55e3fe6e9dbb653988ba313436db28c4f095708195e1faafcb4f6094fd80d433dbf25cbcc9507328c6a1988384995432979c02', '285c2331-5df8-45a3-a37a-4db8ad3c3b11', 1591072625),
        ('f9ba9024-1d40-4210-ba27-a291a6f9b219', '2024-02-29 22:33:40.809894 +00:00', 'ypiqxytws.r', '6c275fdc4fbd001dc6e1f50e3f97d17cb33b2de0561da4c6d6b02703298d0cbe862ea3681ffc62cf41d6773edff2633b64701d1aecf3163d2eb0a0e3dfc0e077', '13163235-aec1-4fbd-b60d-0ca2e15411ff', 1481325198),
        ('f4272ee0-f1ef-4924-b655-51184779479a', '2024-02-29 22:33:40.809894 +00:00', 'flpxlqva.cpp', 'bfbbd31879c67de6176f86ba2f70a8998aef370cf556d28061901b4c5533d0c7de74814fe6f2941fbaa94593fefc0ecd95aec31dc084cc24f5c1e109e3b882db', 'd2842b6a-8c12-4e32-a5be-670be21ce8fa', 1734051042),
        ('8030468b-500b-47f5-842d-4f4434f35f62', '2024-02-29 22:33:40.809894 +00:00', 'sdkrnpoh.java', 'fbc7c9097970e74b191eee2feb23e178a3579412321c64ab824bc367e399457fa7d047bd86e335e7b78c7daf7ee5a3457251d59ee0d1c9c39b497537a79a5b7f', 'e1a86f9d-4230-4327-9395-7cc59684e3c5', 1342272017),
        ('de84cc9e-aa7e-4534-8d04-ecf13e3311a1', '2024-02-29 22:33:40.809894 +00:00', 'rwvhv.jar', '0d083b33082c14d31c414e7dbe4d04cf78987a6fcd3b380ce577661794411388af8bd12d622d2c2d2ab1052670f9d4b0fdde95fa84e6ae5d7081317550ba55f0', '77652399-15c5-4916-b87c-1f531719acdf', 403795341),
        ('1085ee75-1001-4e81-b634-ec275b36890a', '2024-02-29 22:33:40.809894 +00:00', 'txetreh.png', '08fbbea4bece5e67ab5ed81d479e5889d5837ef65ef62c09d8f777183b39e535c7003c16e3d2f4263b1c2c1e56bc7921fbacd289d66f977c4971cfb49c07c295', 'c22b75e0-0567-4246-9310-4f4ee659ee6e', 1167725119),
        ('289638db-2325-45d2-b610-dbd584c0c908', '2024-02-29 22:33:40.809894 +00:00', 'hrmglt.xcf', '20a32ff9563659eb11a6cfeb4324bee9287f885866c2f90f2a76b9784b5b3f5e783808111d9a2f3ed488bc8c473a1c2290efac6e7142f5952a7761cfb144c327', '9f922fd2-ed72-4f1c-bbaf-a816df26a98c', 1806311028),
        ('541aceb6-2235-425a-8cfe-64906f9de918', '2024-02-29 22:33:40.809894 +00:00', 'kdaga.psd', '2127ed004c91edc5d3e0a52aedad8c309c3a44124e9a01e08a3d2cf5e72bd64502e345522acc5cd44a4d4f190a8fe388600fcb5c6c23f167914ccfa24a53986d', 'f47f6793-a9dc-498f-b1e0-2a2a2d7fe8c6', 2052460379),
        ('a258c6eb-956f-4481-b4e6-78fb151291ad', '2024-02-29 22:33:40.809894 +00:00', 'rufrrfvu.webm', 'f715311c7b29ccd9eb911b91dfbeb1d6a60304cb4ea813eb7536edd4cfbaf7c177f4429496e8dce0f895353de5fc6e5cebc1e99381de54b8be6ac48e3cfd1839', 'ad593cd8-3fc8-4e82-b6cc-415b3b5e7d82', 1419563432),
        ('0813f8da-971c-4b90-8a5e-2c9adc95e49a', '2024-02-29 22:33:40.809894 +00:00', 'pvuxcthfm.mp3', '853e533c586cc4151737ead322e3544d4db69b1aba1a51ad4407b49b345b7144f61a61543bef157600f47d124263fbd197650708c73430ccd5bc95af7b303b4b', 'b1d160a8-df58-49ef-af00-f9398f84b80d', 1248582829),
        ('8a026a9b-99b3-4c6f-9e59-60778a5411f4', '2024-02-29 22:33:40.809894 +00:00', 'mgmqm.c', 'de51cb48a89eec221aba19f9d3ed08b4420fd3d0db6cbf89489e20fd545a714f3a1a3e5530a2a75be5c1a45fa9580d181794ce4a23836315592a78c5b5291628', '710b4952-5aa3-470c-b3a4-ed356b6d0681', 151969656),
        ('d5a7fd19-26d2-43d7-b0d7-60aeebcd8e99', '2024-02-29 22:33:40.809894 +00:00', 'zaozt.h', '69047bfee672fcb447ddd0f7c54efe2a06d1a4decd0b55bccf6a8438c00766701b8f731381e00422dea50b9c564c793c227632be9334df47f6697bd67b2f55ef', '8f748b7d-8f0d-4ba1-b222-4195498701b8', 1809550995),
        ('60bae2dd-e381-404f-a883-1b1de3a74d8e', '2024-02-29 22:33:40.809894 +00:00', 'nfjsw.o', 'd71c1fa1e83a45b3f59bf35eae2eaafecaa1194bbbf6649a825a4fe08ef6c159575a17b9a13a7921f0b08abb765543a3dfab24d16d45bba59fb356601e833592', '74f18746-8978-45c5-b1d0-3f2289839039', 1756781888),
        ('9bc8c1fd-26f3-4435-b875-4aacdd7c5787', '2024-02-29 22:33:40.809894 +00:00', 'eavoqxjng.php', 'a0a93763c01b6d7cd22ab02156d9c3e3b105969260a960db7d1cac00441b274d8e7f147798e26555981bdba4b1edd597679293edc52c83c16414e0e36609bb82', 'a8f5b28d-f349-46c4-b6e3-358adfaa3d8a', 1004547919),
        ('5db97284-88be-482a-8601-8ae0a2b53d1a', '2024-02-29 22:33:40.809894 +00:00', 'nvmoy.html', '446b8d56d0189d515dab964e9022158ecf5c7457cedbdd6c204bb05079960fe95735fa2233268822ada095b951cbfc794911d18c6b59ae66033dff91f18e3e62', '8ea33ade-1716-4170-bab2-12335eeba7fe', 397353251),
        ('bd958763-ecda-4963-b809-a52e354021c6', '2024-02-29 22:33:40.809894 +00:00', 'nlbpmzgaz.cs', '37530053ffc8f2d03543ac96200f73f8883c98bbb358a4a54a2291b908eb1ec05182356d09d8e1075410e9a8fd447dea30bc64fda1f957b28fed914c2ded35bb', '7f2e3bbc-2f12-428c-a4e2-38a18bd188c1', 1492819625),
        ('40b608c8-cdfa-431e-8d0c-4ad4b18ecd0c', '2024-02-29 22:33:40.809894 +00:00', 'bvrovzs.xml', '73c11316a7a59937c7fefcc2f10b594aad890d62b8c7a094cd84dbdc20b8993d07da0a3c864a4fc56bd1179dcee4eb8b72a13f413858045e7d8619bcd4cb235c', 'a4e87827-d3eb-4010-b689-187ce6824922', 136084944),
        ('48e4c56b-23cf-40fb-8915-adb39b70790c', '2024-02-29 22:33:40.809894 +00:00', 'jjomkt.bmp', 'e5da1e45e7cea64cfffe4c5a810995f4ee4bd992c24f89dafb17e096dba3b448d6d292bc5adb9458da5f265fa174be5794709b5a44ce9293f803a9d68deff83d', '29bfa1c7-c27e-444d-8657-64ba85b4e59f', 1149932729),
        ('dd195ca2-1de7-44a9-b77a-a11df8a2dfe7', '2024-02-29 22:33:40.809894 +00:00', 'lwolpouta.cab', '42f75b33ddbcebd63b93be0fee2a7a0f5b213cf4ba30ef2481f2ba0d5325131834b35562a7e395e21360696ba2e88d744b5f229abeff23d48ccd97de8cedb1b2', '6bc4f68b-c5fb-4083-9185-693370343763', 1763664655),
        ('9f46a15d-4751-45ee-8154-5f9d61ed1496', '2024-02-29 22:33:40.809894 +00:00', 'cskmapng.deb', 'bf2d44b4986b8e98a1d67428a60f0c53a25c42522ce6c4408e471387efec4dd15588ba3c543b0fd654811e01cf06ff74dd6fb13e0a697ebe0e4810f814d5f44c', 'a0ab37f5-1893-4f63-a700-54569c9318c3', 2089220978),
        ('c5715866-131a-49c6-877e-7779b4f08264', '2024-02-29 22:33:40.809894 +00:00', 'czjvgo.dng', 'da34da352fd4b81a2c8dca7f81cd509ebd5d4ec05154d30720efe4524b2a62b7d34e544bdbc3a03ebd4a8ce81a7a93d515fb647e172969166a1856090cecf5b3', '285c2331-5df8-45a3-a37a-4db8ad3c3b11', 191177339),
        ('2c8fbe6d-efb7-44db-8804-575163af863a', '2024-02-29 22:33:40.809894 +00:00', 'ejujqi.gif', 'dda1b574a8a12dd5a1d6724076a773fa05cafa2be9334eedf4a4995a3dce51c0742f1f3ffda635b2519c8fcc2f756901037e8b3b82e0c74cbb42fbdfdda466a3', '13163235-aec1-4fbd-b60d-0ca2e15411ff', 235608113),
        ('f47c4ffa-a7a4-43de-9f4b-594048384c2d', '2024-02-29 22:33:40.809894 +00:00', 'wodhjaoc.gz', '23a564f741d23d417ae7536a0dfcde2e5dc0016a4cd828449d10074134ca49b2d1a768273980600d62d7df3468ca2630584d9bf80d81d9a25c0477c52adf57b7', 'd2842b6a-8c12-4e32-a5be-670be21ce8fa', 2010414217),
        ('441f5170-458f-4ba0-a092-1fe5640504d0', '2024-02-29 22:33:40.809894 +00:00', 'psbrtd.lz', '3c7cdda158eb0d1b0ce33b4ec9a98eff8005255d9123908e25f5d98efbbda7cb9b38eb48594325683736d03705003e82d88b49f5c890d3a812a39cf392f5bf05', 'e1a86f9d-4230-4327-9395-7cc59684e3c5', 795857680),
        ('b5a41ed1-993a-4924-956d-b957459f1ec2', '2024-02-29 22:33:40.809894 +00:00', 'ahdgptzqi.iso', 'd883b0ae158b9b5fa2fc8449ca9cdd8f7dd281e2b72e3292cb72abe833fa42a8bcb72d9fb2f656dfe656f6f01296bdeadc5256a73bc71ebf120b28e696d8ad2a', '77652399-15c5-4916-b87c-1f531719acdf', 1522263110),
        ('ee73d920-0e65-45cd-9917-fcd0beb058f1', '2024-02-29 22:33:40.809894 +00:00', 'fkdqjr.pak', 'ffa32b05a1a845f2a14eb7a97b4531ac7c74154f2608b62c984b88450fc6859eb83dc9dad85738a7548afa2e395c03f3d6d7b121002763a22f8cf879ca07ab21', 'c22b75e0-0567-4246-9310-4f4ee659ee6e', 559896232),
        ('735e1c71-25aa-48c2-ae68-a71eb30f54de', '2024-02-29 22:33:40.809894 +00:00', 'wvutd.sql', 'b689e4d1f9b09a8ba18eb0f71577b3676687296bfe575235e9c3bb924f0f9781ffca28fdf7c96ae8ed9077f9292322d43235c673d638bd90b89255e5d5e27d87', '9f922fd2-ed72-4f1c-bbaf-a816df26a98c', 1223247878),
        ('6106f12f-fe09-42b9-ac1f-c14f15e9657c', '2024-02-29 22:33:40.809894 +00:00', 'zolljvfby.tar', '1b0d5122870bd343e87faca64d3eb7b5e34b7519894934854eda6fbb187b1ac787446923b77739977f8f9a6500037487e4bec6397bba47c545039aff72aaca62', 'f47f6793-a9dc-498f-b1e0-2a2a2d7fe8c6', 1017960925),
        ('85664fd1-73a7-45cf-aeff-7cd677f636a9', '2024-02-29 22:33:40.809894 +00:00', 'tnvbuzvm.yaml', '37e846b5e63abf15cae4ca6ba9dff0bcfb7adbf472932bc032965d0d6f458ee2ef3605113b8e7422d4858d6f87317555e390039d58987b6671bf64c77f8c3a9d', 'ad593cd8-3fc8-4e82-b6cc-415b3b5e7d82', 1706815443);

insert into zpi.video_feedback (feedback_id, creation_date, video_id, author, comment)
values  ('c7139680-9d69-43e3-8a97-9370d2d2f815', '2024-02-29 22:39:41.629613 +00:00', 'b1d160a8-df58-49ef-af00-f9398f84b80d', 'ddad3c03-b26c-4465-bb95-e9bd75b6e654', 'Morbi rhoncus est eget augue suscipit sagittis. Etiam ante dui\'),
        ('72a2f110-8bfe-4857-a9fb-d3582b406ac3', '2024-02-29 22:39:41.629613 +00:00', '710b4952-5aa3-470c-b3a4-ed356b6d0681', '0d376509-fe79-4f0e-97ad-b0c3d9cfc486', 'Praesent et odio sit amet libero iaculis imperdiet ut non ligula. Integer sed ipsum quam. Nulla turpis est\'),
        ('97af7c16-d367-48cd-9bd5-088c68368134', '2024-02-29 22:39:41.629613 +00:00', '8f748b7d-8f0d-4ba1-b222-4195498701b8', 'df79a3a8-840d-4601-b4b6-57dafa1d14a1', 'Sed nec vulputate lectus. Nullam pulvinar libero sit amet faucibus pulvinar. Ut in blandit dui\'),
        ('076ef332-ef6c-425c-bb14-db76ca010162', '2024-02-29 22:39:41.629613 +00:00', '74f18746-8978-45c5-b1d0-3f2289839039', '33d7ab83-ddc8-4f34-85ea-59323aceba82', 'Morbi consequat nisl ac volutpat tempus. Vestibulum ac elementum magna\'),
        ('d976c2a9-353f-4a34-aafb-f803151ce592', '2024-02-29 22:39:41.629613 +00:00', 'a8f5b28d-f349-46c4-b6e3-358adfaa3d8a', 'ddad3c03-b26c-4465-bb95-e9bd75b6e654', 'Proin vulputate eleifend ligula eget congue. Pellentesque in sapien libero. Proin nunc nisi\'),
        ('afe0ec7f-dd51-4ec8-99e0-a8e854de3c72', '2024-02-29 22:39:41.629613 +00:00', '8ea33ade-1716-4170-bab2-12335eeba7fe', '0d376509-fe79-4f0e-97ad-b0c3d9cfc486', 'Vestibulum eget tortor nisl. Mauris eu risus non mi condimentum iaculis eu eget eros. Nulla elementum\'),
        ('0d96a857-8c82-42ed-af6b-0f009ce1f8c6', '2024-02-29 22:39:41.629613 +00:00', '7f2e3bbc-2f12-428c-a4e2-38a18bd188c1', 'df79a3a8-840d-4601-b4b6-57dafa1d14a1', 'Pellentesque consequat tellus eu porttitor mollis. Integer tincidunt malesuada turpis. Sed varius efficitur enim. Fusce vestibulum rutrum ultricies. Sed et tortor sit amet nulla dignissim dignissim. Integer id quam maximus\'),
        ('d48ea8eb-fee5-4400-aa7d-873ea83ef11b', '2024-02-29 22:39:41.629613 +00:00', 'a4e87827-d3eb-4010-b689-187ce6824922', '33d7ab83-ddc8-4f34-85ea-59323aceba82', 'Quisque eu malesuada sapien\'),
        ('8362a2d5-fc53-4313-b1a7-2f139c75087d', '2024-02-29 22:39:41.629613 +00:00', '29bfa1c7-c27e-444d-8657-64ba85b4e59f', 'ddad3c03-b26c-4465-bb95-e9bd75b6e654', 'Ut vel sollicitudin nisl\'),
        ('10325095-e052-4406-9ed4-1dd47f834d74', '2024-02-29 22:39:41.629613 +00:00', '6bc4f68b-c5fb-4083-9185-693370343763', '0d376509-fe79-4f0e-97ad-b0c3d9cfc486', 'Proin hendrerit dignissim dolor quis luctus. Morbi eget ultrices ex. Proin vel molestie metus. Quisque gravida ullamcorper orci sed molestie. Aliquam nec enim eget eros lacinia auctor egestas scelerisque urna. Cras in varius enim. Cras condimentum mauris quis rutrum ultrices. Morbi quis tellus consequat\'),
        ('690fad27-ee4d-49bc-aa71-595c9ffcaad1', '2024-02-29 22:39:41.629613 +00:00', 'a0ab37f5-1893-4f63-a700-54569c9318c3', 'df79a3a8-840d-4601-b4b6-57dafa1d14a1', 'Nulla bibendum dignissim neque sagittis euismod. Interdum et malesuada fames ac ante ipsum primis in faucibus. Fusce rutrum justo a justo gravida\'),
        ('e100d893-227c-459d-8034-f476f0fb5d9a', '2024-02-29 22:39:41.629613 +00:00', '285c2331-5df8-45a3-a37a-4db8ad3c3b11', '33d7ab83-ddc8-4f34-85ea-59323aceba82', 'Mauris porta congue massa\'),
        ('b16afac1-7f25-4aa7-b4cd-5f3f42330753', '2024-02-29 22:39:41.629613 +00:00', '13163235-aec1-4fbd-b60d-0ca2e15411ff', 'ddad3c03-b26c-4465-bb95-e9bd75b6e654', 'Fusce auctor interdum arcu\'),
        ('205a15de-0000-4900-9bb7-dfaef8889f2a', '2024-02-29 22:39:41.629613 +00:00', 'd2842b6a-8c12-4e32-a5be-670be21ce8fa', '0d376509-fe79-4f0e-97ad-b0c3d9cfc486', 'Curabitur nisi urna\'),
        ('1363ed2b-637e-4437-9088-33b4099f5baf', '2024-02-29 22:39:41.629613 +00:00', 'e1a86f9d-4230-4327-9395-7cc59684e3c5', 'df79a3a8-840d-4601-b4b6-57dafa1d14a1', 'Aliquam vitae turpis elementum purus euismod commodo hendrerit id nisl. Curabitur a nulla gravida\'),
        ('af083b18-187f-4c7e-a8c1-f470c02513f6', '2024-02-29 22:39:41.629613 +00:00', '77652399-15c5-4916-b87c-1f531719acdf', '33d7ab83-ddc8-4f34-85ea-59323aceba82', 'Curabitur ultrices velit dui\'),
        ('862f9014-ab61-4de8-a42f-0924cce28d2b', '2024-02-29 22:39:41.629613 +00:00', 'c22b75e0-0567-4246-9310-4f4ee659ee6e', 'ddad3c03-b26c-4465-bb95-e9bd75b6e654', 'Praesent pretium malesuada risus\'),
        ('58de2985-5913-43ae-874f-16803b4a5be5', '2024-02-29 22:39:41.629613 +00:00', '9f922fd2-ed72-4f1c-bbaf-a816df26a98c', '0d376509-fe79-4f0e-97ad-b0c3d9cfc486', 'Sed ac faucibus lectus\'),
        ('8dac6d4f-0def-41b3-a1b4-9ab4e5ceb771', '2024-02-29 22:39:41.629613 +00:00', 'f47f6793-a9dc-498f-b1e0-2a2a2d7fe8c6', 'df79a3a8-840d-4601-b4b6-57dafa1d14a1', 'Pellentesque quis vulputate lacus. Vivamus porttitor arcu lorem\'),
        ('d1854802-9c25-4d43-a082-8dd3917e9add', '2024-02-29 22:39:41.629613 +00:00', 'ad593cd8-3fc8-4e82-b6cc-415b3b5e7d82', '33d7ab83-ddc8-4f34-85ea-59323aceba82', 'Suspendisse vel enim neque. Fusce convallis ipsum ac erat lacinia fermentum. Etiam et tristique nunc\'),
        ('529c8978-a632-42de-a001-76c2b52e2504', '2024-02-29 22:39:41.629613 +00:00', 'b1d160a8-df58-49ef-af00-f9398f84b80d', 'ddad3c03-b26c-4465-bb95-e9bd75b6e654', 'Proin in commodo orci. Curabitur facilisis consequat sapien id consequat. Suspendisse id leo purus. Sed posuere eleifend odio et porttitor. Duis aliquam\'),
        ('92eb9c8e-4117-45b5-9437-ffa9d4aaf917', '2024-02-29 22:39:41.629613 +00:00', '710b4952-5aa3-470c-b3a4-ed356b6d0681', '0d376509-fe79-4f0e-97ad-b0c3d9cfc486', 'Proin commodo ligula a mi venenatis tincidunt. Fusce auctor at quam sodales iaculis. In at risus in orci congue imperdiet lobortis in enim. Donec mattis ultricies nibh id suscipit. Vivamus vel leo ac ex tempor fermentum. Nulla ultrices augue et nibh imperdiet\'),
        ('e3ac33c9-de88-41be-ae7f-1ce08dae230b', '2024-02-29 22:39:41.629613 +00:00', '8f748b7d-8f0d-4ba1-b222-4195498701b8', 'df79a3a8-840d-4601-b4b6-57dafa1d14a1', 'Nulla scelerisque orci vitae porttitor vulputate. In lobortis tellus id felis luctus\'),
        ('1386cc79-6534-425f-bbc7-e2be5ca2ca11', '2024-02-29 22:39:41.629613 +00:00', '74f18746-8978-45c5-b1d0-3f2289839039', '33d7ab83-ddc8-4f34-85ea-59323aceba82', 'Nam finibus arcu diam\'),
        ('a8c3b7ae-54f4-45e9-98d7-d77a675f095d', '2024-02-29 22:39:41.629613 +00:00', 'a8f5b28d-f349-46c4-b6e3-358adfaa3d8a', 'ddad3c03-b26c-4465-bb95-e9bd75b6e654', 'Duis imperdiet rhoncus condimentum. Vivamus nec tellus rhoncus\'),
        ('51b84f9e-23df-4e76-8e62-52ffe223fe9d', '2024-02-29 22:39:41.629613 +00:00', '8ea33ade-1716-4170-bab2-12335eeba7fe', '0d376509-fe79-4f0e-97ad-b0c3d9cfc486', 'Phasellus bibendum ultrices sodales. Fusce dignissim nisl in massa consequat\'),
        ('a58f3e79-343f-4aef-a511-282eae3128e8', '2024-02-29 22:39:41.629613 +00:00', '7f2e3bbc-2f12-428c-a4e2-38a18bd188c1', 'df79a3a8-840d-4601-b4b6-57dafa1d14a1', 'Quisque aliquet lorem mi. Ut hendrerit\'),
        ('5095ceaa-b696-420d-a599-2fca0bcde098', '2024-02-29 22:39:41.629613 +00:00', 'a4e87827-d3eb-4010-b689-187ce6824922', '33d7ab83-ddc8-4f34-85ea-59323aceba82', 'Nam quis consequat augue. Donec ac euismod elit. Mauris sapien elit\'),
        ('b0423a7d-2a3f-477c-8f03-edc4a5865e71', '2024-02-29 22:39:41.629613 +00:00', '29bfa1c7-c27e-444d-8657-64ba85b4e59f', 'ddad3c03-b26c-4465-bb95-e9bd75b6e654', 'Suspendisse ullamcorper at augue sed semper. Aenean consectetur erat ac risus luctus\'),
        ('bc8243b7-e02f-47b6-a9b7-c8f005fadb1f', '2024-02-29 22:39:41.629613 +00:00', '6bc4f68b-c5fb-4083-9185-693370343763', '0d376509-fe79-4f0e-97ad-b0c3d9cfc486', 'Sed id viverra arcu. Etiam porttitor sit amet ligula eget suscipit. Ut posuere enim et nulla vulputate\'),
        ('209ad194-3cad-4ead-8acd-0937c9407d5e', '2024-02-29 22:39:41.629613 +00:00', 'a0ab37f5-1893-4f63-a700-54569c9318c3', 'df79a3a8-840d-4601-b4b6-57dafa1d14a1', 'Morbi sollicitudin\'),
        ('4696e896-b516-48a7-9cf3-58439bfd1237', '2024-02-29 22:39:41.629613 +00:00', '285c2331-5df8-45a3-a37a-4db8ad3c3b11', '33d7ab83-ddc8-4f34-85ea-59323aceba82', 'In non erat eget magna suscipit molestie quis ullamcorper elit. Etiam feugiat ligula ut dapibus rutrum. Mauris vestibulum ligula lacus. Donec non justo odio. Curabitur blandit nisi non elit porta sollicitudin. Cras a faucibus magna. Interdum et malesuada fames ac ante ipsum primis in faucibus. Quisque est eros\'),
        ('bf2aa930-7a7d-4154-9991-9346e28668a6', '2024-02-29 22:39:41.629613 +00:00', '13163235-aec1-4fbd-b60d-0ca2e15411ff', 'ddad3c03-b26c-4465-bb95-e9bd75b6e654', 'Suspendisse vitae turpis in diam vestibulum lacinia. Sed rutrum vehicula ipsum sit amet pellentesque. Nulla facilisi. Duis pretium porttitor urna\'),
        ('88494459-6366-4573-8ad9-c5b0b286dd09', '2024-02-29 22:39:41.629613 +00:00', 'd2842b6a-8c12-4e32-a5be-670be21ce8fa', '0d376509-fe79-4f0e-97ad-b0c3d9cfc486', 'Vestibulum ante ipsum primis in faucibus orci luctus et ultrices posuere cubilia curae; Quisque eu tincidunt nisi\'),
        ('2c40c1d1-b0d8-4227-9f90-3b6b8bfa217a', '2024-02-29 22:39:41.629613 +00:00', 'e1a86f9d-4230-4327-9395-7cc59684e3c5', 'df79a3a8-840d-4601-b4b6-57dafa1d14a1', 'Nam at laoreet nunc. In sagittis vitae tortor nec rutrum. Ut vel hendrerit augue\'),
        ('eb10d6e3-6859-44dd-8c19-5a4ca409885d', '2024-02-29 22:39:41.629613 +00:00', '77652399-15c5-4916-b87c-1f531719acdf', '33d7ab83-ddc8-4f34-85ea-59323aceba82', 'Sed quis diam non massa lobortis commodo nec vitae est. Nullam condimentum ipsum sem\'),
        ('d3a93a96-38d9-498a-aa37-4adf866eb772', '2024-02-29 22:39:41.629613 +00:00', 'c22b75e0-0567-4246-9310-4f4ee659ee6e', 'ddad3c03-b26c-4465-bb95-e9bd75b6e654', 'Curabitur a justo turpis. Interdum et malesuada fames ac ante ipsum primis in faucibus. Nulla aliquam quam ut ipsum condimentum\'),
        ('a36eee97-1d05-453a-abbe-920f91426c05', '2024-02-29 22:39:41.629613 +00:00', '9f922fd2-ed72-4f1c-bbaf-a816df26a98c', '0d376509-fe79-4f0e-97ad-b0c3d9cfc486', 'Vivamus nec convallis mi\'),
        ('e71ee710-d94a-4456-bb2c-1cc8c6961bf5', '2024-02-29 22:39:41.629613 +00:00', 'f47f6793-a9dc-498f-b1e0-2a2a2d7fe8c6', 'df79a3a8-840d-4601-b4b6-57dafa1d14a1', 'Fusce suscipit nulla sem\'),
        ('904e0e18-223a-45b6-ab31-d94749aa8975', '2024-02-29 22:39:41.629613 +00:00', 'ad593cd8-3fc8-4e82-b6cc-415b3b5e7d82', '33d7ab83-ddc8-4f34-85ea-59323aceba82', 'Nam sed maximus urna. Fusce facilisis ipsum at nibh tincidunt\');